case_id,question,reference_answer,model_a_answer,model_b_answer,model_a_bertscore,model_b_bertscore,winner
Q001,대한민국의 수도는 어디인가요?,대한민국의 수도는 서울입니다.,서울입니다.,대한민국의 수도는 부산입니다.,0.7968,0.9482,Model B
Q002,생성형 AI의 장점과 단점을 간단히 설명해 주세요.,"생성형 AI는 글, 이미지, 코드 등 다양한 콘텐츠를 만들 수 있지만 사실과 다른 정보를 생성할 수 있다는 한계가 있습니다.",생성형 AI는 다양한 결과물을 만들 수 있지만 잘못된 정보를 만들 가능성도 있습니다.,생성형 AI는 컴퓨터를 빠르게 만드는 기술입니다.,0.8412,0.7885,Model A
Q003,RAG 챗봇이 무엇인가요?,RAG 챗봇은 외부 문서를 검색한 뒤 검색 결과를 근거로 답변을 생성하는 챗봇입니다.,RAG는 문서를 찾아본 뒤 그 내용을 바탕으로 답변하는 방식입니다.,RAG는 게임 그래픽을 만드는 기술입니다.,0.8048,0.7145,Model A
Q004,테스트 케이스란 무엇인가요?,"테스트 케이스는 기능이 요구사항대로 동작하는지 확인하기 위한 입력값, 실행 절차, 기대 결과를 정리한 문서입니다.",테스트 케이스는 시스템이 정상 동작하는지 확인하기 위한 시험 항목입니다.,테스트 케이스는 개발자가 작성한 프로그램 코드입니다.,0.8495,0.7907,Model A
Q005,소프트웨어 품질관리가 중요한 이유는 무엇인가요?,소프트웨어 품질관리는 오류를 줄이고 사용자 만족도와 서비스 신뢰성을 높이기 위해 중요합니다.,품질관리는 오류를 줄이고 사용자가 안정적으로 서비스를 이용하도록 돕습니다.,품질관리는 화면의 색상을 예쁘게 만드는 작업입니다.,0.8457,0.7419,Model A
Q006,리그 오브 레전드는 한 팀이 몇 명으로 구성되나요?,리그 오브 레전드는 한 팀이 5명으로 구성됩니다.,리그 오브 레전드는 한 팀에 5명의 플레이어가 들어갑니다.,롤은 팀당 다섯 명으로 구성되어 5대5로 진행됩니다.,0.8601,0.7624,Model A
Q007,RPG는 무엇의 약자인가요?,RPG는 롤플레잉 게임(Role-Playing Game)의 약자입니다.,RPG는 롤플레잉 게임을 줄인 말입니다.,RPG는 실시간 전략 게임을 뜻하는 말입니다.,0.8154,0.8003,Model A
Q008,마인크래프트는 어떤 장르의 게임인가요?,마인크래프트는 블록을 부수고 쌓아 자유롭게 세계를 만드는 샌드박스 장르의 게임입니다.,마인크래프트는 블록으로 무엇이든 만들 수 있는 샌드박스 게임입니다.,마인크래프트는 자동차로 경주하는 레이싱 게임입니다.,0.8662,0.8133,Model A
Q009,게임에서 NPC는 무엇을 의미하나요?,NPC는 플레이어가 직접 조작하지 않고 게임이 제어하는 캐릭터를 의미합니다.,NPC는 플레이어가 조종하지 않고 게임이 움직이는 캐릭터입니다.,NPC는 사람이 아닌 게임이 직접 제어하는 등장인물을 말합니다.,0.906,0.8479,Model A
Q010,닌텐도 스위치는 어느 회사가 만든 게임기인가요?,닌텐도 스위치는 닌텐도가 만든 휴대용 겸 거치형 게임기입니다.,닌텐도 스위치는 소니가 만든 게임기입니다.,닌텐도 스위치는 마이크로소프트가 출시한 콘솔입니다.,0.8811,0.8245,Model A
Q011,FPS 게임이란 무엇인가요?,FPS는 1인칭 시점에서 총기를 사용해 전투하는 슈팅 게임 장르입니다.,FPS는 1인칭 시점에서 총을 쏘며 싸우는 슈팅 게임입니다.,FPS는 주인공 시점으로 진행되는 총격전 중심의 슈팅 장르입니다.,0.9215,0.8408,Model A
Q012,게임의 가챠(뽑기) 시스템이란 무엇인가요?,가챠는 무작위 확률로 캐릭터나 아이템을 획득하는 뽑기 방식의 과금 시스템입니다.,가챠는 확률에 따라 무작위로 아이템이나 캐릭터를 뽑는 과금 방식입니다.,가챠는 친구와 아이템을 교환하는 거래 시스템입니다.,0.8847,0.8437,Model A
Q013,오픈월드 게임의 특징은 무엇인가요?,오픈월드 게임은 정해진 경로 없이 넓은 맵을 자유롭게 탐험하며 플레이할 수 있는 것이 특징입니다.,오픈월드는 정해진 스테이지를 순서대로만 깨야 하는 방식의 게임입니다.,오픈월드는 온라인에서 친구를 추가하는 기능을 말합니다.,0.796,0.7534,Model A
Q014,e스포츠란 무엇인가요?,e스포츠는 비디오 게임을 종목으로 하여 선수들이 실력을 겨루는 전자 스포츠 경기를 말합니다.,e스포츠는 게임을 종목으로 선수들이 실력을 겨루는 경기입니다.,e스포츠는 비디오 게임으로 승부를 가리는 전자 스포츠 대회입니다.,0.911,0.8703,Model A
Q015,배틀로얄 장르의 특징은 무엇인가요?,배틀로얄은 다수의 플레이어가 한 맵에서 싸워 최후의 1인 또는 한 팀이 살아남는 것을 목표로 하는 장르입니다.,배틀로얄은 여러 명이 싸워 마지막까지 살아남는 사람이 이기는 장르입니다.,배틀로얄은 정해진 스토리를 따라가는 1인용 어드벤처 게임입니다.,0.8314,0.7535,Model A
Q016,MMORPG에서 '레이드'란 무엇이며 왜 중요한가요?,"레이드는 여러 플레이어가 협력해 강력한 보스나 던전을 공략하는 콘텐츠로, 협동 플레이와 고급 보상을 통해 게임의 핵심 재미와 지속성을 제공하기 때문에 중요합니다.",레이드는 혼자서 짧은 미니게임을 즐기는 콘텐츠입니다.,레이드는 캐릭터의 외형을 꾸미는 기능을 말합니다.,0.7307,0.7284,Model A
Q017,게임에서 '밸런스 패치'가 필요한 이유를 설명해 주세요.,밸런스 패치는 특정 캐릭터나 전략이 지나치게 강하거나 약해지는 것을 조정하여 공정한 경쟁 환경을 유지하고 플레이어의 흥미를 지속시키기 위해 필요합니다.,밸런스 패치는 너무 강하거나 약한 요소를 조정해 공정함을 유지하기 위해 필요합니다.,밸런스 패치는 게임의 배경음악을 새로 추가하는 업데이트입니다.,0.8304,0.7338,Model A
Q018,P2W(Pay to Win) 모델의 장점과 단점을 설명해 주세요.,"P2W 모델은 결제를 통해 빠른 성장을 유도해 수익을 늘릴 수 있다는 장점이 있지만, 과금하지 않는 사용자와의 불공정한 격차로 게임 이탈을 유발할 수 있다는 단점이 있습니다.",P2W는 무료로만 즐길 수 있어 모두에게 공평한 방식입니다.,P2W는 게임을 더 어렵게 만드는 난이도 설정을 뜻합니다.,0.714,0.7126,Model A
Q019,유니티나 언리얼 같은 게임 엔진의 역할은 무엇인가요?,"게임 엔진은 그래픽 렌더링, 물리 연산, 사운드, 입력 처리 등 게임 개발에 필요한 핵심 기능을 제공하여 개발자가 게임을 더 효율적으로 제작할 수 있게 해 줍니다.","게임 엔진은 그래픽, 물리, 사운드 등 개발에 필요한 기능을 제공하는 도구입니다.",게임 엔진은 렌더링과 물리 연산 등을 지원해 게임 개발을 쉽게 해 주는 소프트웨어입니다.,0.8533,0.8217,Model A
Q020,게임에서 '메타(meta)'란 무엇을 의미하나요?,"메타는 현재 게임 환경에서 가장 효율적이고 강력하다고 평가받는 전략, 캐릭터, 조합 등의 흐름을 의미합니다.",메타는 현재 가장 강력하고 효율적이라고 평가받는 전략이나 조합을 뜻합니다.,메타는 게임을 시작할 때 나오는 첫 화면을 말합니다.,0.8851,0.7395,Model A
